{"cameraMode":{"drawMode":0,"name":"Shaded","section":"Shading Mode"},"sceneLighting":true,"audioPlay":false,"sceneViewState":{"showFog":true,"showMaterialUpdate":false,"showSkybox":true,"showFlares":true,"showImageEffects":true,"showParticleSystems":true},"in2DMode":false,"pivot":{"x":316.6469421386719,"y":-183.79820251464845,"z":-222.67071533203126},"rotation":{"x":0.10229504853487015,"y":0.8586283326148987,"z":-0.18868140876293183,"w":0.4655105173587799},"size":478.77984619140627,"orthographic":false}